ID,Kind,Title,Title Ol Chiki,Ol Chiki,Subtitle,Category,Published,Premium,Order,Tags,Updated At
lesson_numbers_0_9,lesson,Numbers 0-9,᱐-᱙ ᱮᱞᱠᱷᱟ,,,cat_numbers_1778594019015,true,false,0,,2026-06-05T05:42:15.615+00:00
lesson_alphabet_0,lesson,Basics of Ol Chiki,ᱚᱞ ᱪᱤᱠᱤ ᱢᱩᱞ,,,cat_alphabets_1778594017948,true,false,0,,2026-05-28T10:35:44.310+00:00
lesson_alphabet_1,lesson,Vowels I,ᱨᱟᱦᱟ ᱟᱲᱟᱝ I,,,cat_alphabets_1778594017948,true,false,0,,2026-05-25T10:17:08.140+00:00
lesson_alphabet_2,lesson,Consonants I,ᱠᱮᱪᱮᱫ ᱟᱲᱟᱝ I,,,cat_alphabets_1778594017948,true,false,0,,2026-05-25T10:17:08.758+00:00
lesson_alphabet_3,lesson,Consonants II,ᱠᱮᱪᱮᱫ ᱟᱲᱟᱝ II,,,cat_alphabets_1778594017948,true,false,0,,2026-05-25T10:17:09.269+00:00
lesson_alphabet_4,lesson,Vowels II,ᱨᱟᱦᱟ ᱟᱲᱟᱝ II,,,cat_alphabets_1778594017948,true,false,0,,2026-05-25T10:17:09.834+00:00
lesson_numbers_10_20,lesson,Numbers 10-20,᱑᱐-᱒᱐ ᱮᱞᱠᱷᱟ,,,cat_numbers_1778594019015,true,false,0,,2026-06-05T05:36:17.721+00:00
lesson_sentences_basics,lesson,Basic Sentences,ᱢᱩᱞ ᱣᱟᱠᱭ,,,cat_sentences_1778594024495,true,false,0,,2026-06-05T10:02:06.071+00:00
lesson_sentences_daily,lesson,Daily Sentences,ᱫᱤᱱᱟᱹᱢ ᱣᱟᱠᱭ,,,cat_sentences_1778594024495,true,false,0,,2026-05-25T05:34:35.959+00:00
lesson_greet_0,lesson,Basic Greetings,ᱡᱚᱦᱟᱨ,,,cat_phrases_1778594027629,true,false,0,,2026-06-05T05:56:05.169+00:00
lesson_greet_1,lesson,Meeting People,ᱦᱚᱲ ᱥᱟᱶᱛᱟ ᱧᱟᱯᱟᱢ,,,cat_phrases_1778594027629,true,false,0,,2026-06-02T09:32:54.447+00:00
lesson_greet_2,lesson,Polite Phrases,ᱢᱟᱹᱱ ᱟᱹᱲᱟᱹ,,,cat_phrases_1778594027629,true,false,0,,2026-06-02T09:32:54.969+00:00
lesson_greet_3,lesson,Farewells,ᱵᱤᱫᱟᱹᱭ ᱠᱟᱛᱷᱟ,,,cat_phrases_1778594027629,true,false,0,,2026-06-02T09:32:55.509+00:00
lesson_vocab_basics,lesson,Greetings & Basics,ᱡᱚᱦᱟᱨ ᱟᱨ ᱢᱩᱞ ᱨᱚᱲ,,,cat_vocab_1778594020532,true,false,0,,2026-06-05T10:01:51.372+00:00
lesson_vocab_family,lesson,Family & Relationships,ᱯᱟᱨᱤᱣᱟᱨ ᱟᱨ ᱥᱟᱹᱜᱟᱹᱭ,,,cat_vocab_1778594020532,true,false,0,,2026-06-05T10:01:52.422+00:00
lesson_vocab_daily,lesson,Daily Use Words,ᱫᱤᱱᱟᱹᱢ ᱵᱮᱵᱷᱟᱨ ᱨᱚᱲ,,,cat_vocab_1778594020532,true,false,0,,2026-06-05T10:01:53.488+00:00
lesson_vocab_colors,lesson,Colors,ᱨᱚᱝ,,,cat_vocab_1778594020532,true,false,0,,2026-06-05T10:01:54.547+00:00
lesson_vocab_nature,lesson,Animals & Nature,ᱡᱟᱱᱣᱟᱨ ᱟᱨ ᱠᱩᱫᱽᱨᱟᱹᱛ,,,cat_vocab_1778594020532,true,false,0,,2026-06-05T10:01:55.613+00:00
lesson_vocab_time,lesson,"Months, Days & Seasons",ᱪᱟᱸᱫᱚ ᱟᱨ ᱨᱤᱛᱩ,,,cat_vocab_1778594020532,true,false,0,,2026-06-05T10:01:56.663+00:00
lesson_vocab_trending,lesson,Trending & Popular Words,ᱦᱟᱹᱞᱤ ᱨᱮᱭᱟᱜ ᱨᱚᱲ,,,cat_vocab_1778594020532,true,false,0,,2026-06-05T10:01:57.792+00:00
lesson_vocab_idioms_beginner,lesson,Simple Idioms & Daily Life,ᱢᱩᱞ ᱵᱮᱱᱛᱟ ᱠᱟᱛᱷᱟ,,,cat_vocab_1778594020532,true,false,0,,2026-06-05T10:01:58.770+00:00
lesson_vocab_idioms_intermediate,lesson,Folk Proverbs & Expressions,ᱠᱩᱫᱩᱢ ᱟᱨ ᱥᱟᱹᱜᱟᱹᱭ,,,cat_vocab_1778594020532,true,false,0,,2026-06-05T10:01:59.760+00:00
lesson_vocab_idioms_advanced,lesson,Deep Wisdom & Philosophy,ᱜᱟᱹᱦᱤᱨ ᱵᱮᱱᱛᱟ ᱠᱟᱛᱷᱟ,,,cat_vocab_1778594020532,true,false,0,,2026-06-05T10:02:00.834+00:00
lesson_vocab_conversational_1,lesson,Modern Conversational Idioms,ᱦᱟᱹᱞᱤ ᱨᱚᱲ ᱵᱮᱱᱛᱟ ᱠᱟᱛᱷᱟ,,,cat_vocab_1778594020532,true,false,0,,2026-06-05T10:02:01.862+00:00
lesson_vocab_conversational_2,lesson,Casual Idioms & Social Slang,ᱫᱤᱱᱟᱹᱢ ᱵᱮᱵᱷᱟᱨ ᱵᱮᱱᱛᱟ,,,cat_vocab_1778594020532,true,false,0,,2026-06-05T10:02:02.927+00:00
lesson_vocab_folk_1,lesson,Folk Proverbs & Tribal Wisdom I,ᱠᱩᱫᱩᱢ ᱟᱨ ᱟᱹᱛᱩ ᱦᱚᱨ ᱜᱮᱭᱟᱱ ᱢᱟᱹᱦᱤᱛ,,,cat_vocab_1778594020532,true,false,0,,2026-06-05T10:02:04.003+00:00
lesson_vocab_folk_2,lesson,Folk Proverbs & Tribal Wisdom II,ᱫᱤᱥᱚᱢ ᱦᱟᱲᱟᱢ ᱵᱮᱱᱛᱟ ᱠᱟᱛᱷᱟ,,,cat_vocab_1778594020532,true,false,0,,2026-06-05T09:25:07.995+00:00
lesson_sentences_conversations,lesson,Daily Conversations,ᱫᱤᱱᱟᱹᱢ ᱜᱟᱞᱢᱟᱨᱟᱣ,,,cat_sentences_1778594024495,true,false,0,,2026-06-05T10:02:07.124+00:00
lesson_sentences_polite,lesson,Greetings & Politeness,ᱡᱚᱦᱟᱨ ᱟᱨ ᱥᱟᱹᱜᱩᱱ ᱫᱟᱨᱟᱢ,,,cat_sentences_1778594024495,true,false,0,,2026-06-05T10:02:08.184+00:00
lesson_sentences_time_weather,lesson,Time & Weather,ᱚᱠᱛᱚ ᱟᱨ ᱦᱚᱭ ᱦᱤᱥᱤᱫ,,,cat_sentences_1778594024495,true,false,0,,2026-06-05T10:02:09.232+00:00
lesson_sentences_complex_beginner,lesson,Simple Dialogues & Routines,ᱢᱩᱞ ᱜᱟᱞᱢᱟᱨᱟᱣ,,,cat_sentences_1778594024495,true,false,0,,2026-06-05T10:02:10.312+00:00
lesson_sentences_complex_advanced,lesson,Traditional Wisdom & Ecology,ᱜᱟᱹᱦᱤᱨ ᱥᱟᱱᱛᱟᱲᱤ ᱣᱟᱠᱭ,,,cat_sentences_1778594024495,true,false,0,,2026-06-05T10:02:12.360+00:00
lesson_sentences_conversational_1,lesson,Modern Conversational Exchanges I,ᱦᱟᱹᱞᱤ ᱨᱚᱲ ᱣᱟᱠᱭ ᱢᱩᱦᱤᱛ ᱑,,,cat_sentences_1778594024495,true,false,0,,2026-06-05T10:02:13.446+00:00
lesson_sentences_conversational_2,lesson,Modern Conversational Exchanges II,ᱦᱟᱹᱞᱤ ᱨᱚᱲ ᱣᱟᱠᱭ ᱢᱩᱦᱤᱛ ᱒,,,cat_sentences_1778594024495,true,false,0,,2026-06-05T10:02:14.457+00:00
lesson_sentences_conversational_3,lesson,Modern Conversational Exchanges III,ᱦᱟᱹᱞᱤ ᱨᱚᱲ ᱣᱟᱠᱭ ᱢᱩᱦᱤᱛ ᱓,,,cat_sentences_1778594024495,true,false,0,,2026-06-05T10:02:15.552+00:00
lesson_sentences_folk_1,lesson,Cultural Proverbs & Wisdom I,ᱞᱟᱠᱪᱟᱨ ᱵᱮᱱᱛᱟ ᱣᱟᱠᱭ ᱑,,,cat_sentences_1778594024495,true,false,0,,2026-06-05T10:02:16.571+00:00
lesson_sentences_folk_2,lesson,Cultural Proverbs & Wisdom II,ᱞᱟᱠᱪᱟᱨ ᱵᱮᱱᱛᱟ ᱣᱟᱠᱭ ᱒,,,cat_sentences_1778594024495,true,false,0,,2026-06-05T10:02:17.611+00:00
lesson_sentences_folk_3,lesson,Cultural Proverbs & Wisdom III,ᱞᱟᱠᱪᱟᱨ ᱵᱮᱱᱛᱟ ᱣᱟᱠᱭ ᱓,,,cat_sentences_1778594024495,true,false,0,,2026-06-05T09:25:21.504+00:00
7ec04fba-e5e9-4fda-8e32-7f3f2f9502ba,lesson,New Vocabulary Subcategory,,,,cat_vocab_1778594020532,true,false,0,,2026-05-24T08:11:26.797+00:00
a5d028c4-6861-4ca4-9014-819de474e1c9,lesson,tests,,,,93ef01bf-90fa-4e53-b37d-3b84baccb03b,true,false,0,,2026-05-24T09:41:24.752+00:00
940d748c-d9b4-4c1c-8253-2b1d4d169cad,lesson,New Vocabulary Subcategory,,,,cat_phrases_1778594027629,true,false,0,,2026-05-24T10:08:04.940+00:00
eb3a02cc-903c-4be1-a57e-d6a41785a311,lesson,New Vocabulary Subcategory,,,,cat_vocab_1778594020532,true,false,0,,2026-05-24T10:37:18.382+00:00
5ff029e2-803e-4a94-857f-c60e634fbe1e,lesson,New Vocabulary Subcategory,,,,cat_vocab_1778594020532,true,false,0,,2026-05-24T10:37:18.467+00:00
5d38f5cb-4bd0-4190-bd2a-6adb2523fbc0,lesson,New Vocabulary Subcategory,,,,cat_vocab_1778594020532,true,false,0,,2026-05-24T10:38:26.145+00:00
c425e7b6-8cf1-48b8-9402-28066ddebcc3,lesson,New Sentence Subcategory,,,,14698ac7-927d-4462-a67d-1e756de29f9d,true,false,0,,2026-05-24T11:09:36.145+00:00
26d7c850-fc43-4185-b137-f8bb1a7e500b,lesson,turu dung,,,,69ab9ce4-94c5-468b-a8ae-9e4baecf37c8,true,false,0,,2026-05-24T11:29:57.705+00:00
9c5d0e99-c0af-4768-8fd4-0bd6c03eeced,lesson,ttt,,,,16a7ef70-2664-4102-b18b-30e9cb33f634,true,false,0,,2026-05-24T16:17:12.507+00:00
e81bbe66-f1bd-48aa-b760-928d0edbb447,lesson,gvh,gvh,,,428c2762-e86e-4554-abbf-ce2e82c90578,true,false,0,,2026-05-26T08:23:32.538+00:00
c2bd542b-9669-47a5-a3ee-bbab275d2f6c,lesson,bjhb,bjhb,,,20083585-6da5-4a1c-8192-32bccf4f437c,false,false,0,,2026-05-26T07:57:35.056+00:00
30e7cea3-61f8-45c1-a49d-ba730ecf20d0,lesson,test sub category,test sub category,,,67128be8-4ffc-481b-b16f-889e17d9ad72,false,false,0,,2026-05-26T16:03:11.378+00:00
lesson_sentences_complex_intermed,lesson,Village & Social Life,ᱟᱹᱛᱩ ᱨᱮᱭᱟᱜ ᱜᱟᱞᱢᱟᱨᱟᱣ,,,cat_sentences_1778594024495,true,false,0,,2026-06-05T10:02:11.335+00:00
